abixen-platform;javax.crypto.spec.IvParameterSpec;insecure/condition/randomization
abixen-platform;javax.crypto.Cipher;insecure/condition/key
abixen-platform;javax.crypto.Cipher;insecure/condition/transformation
abixen-platform;javax.crypto.Cipher;insecure/condition/IV
abixen-platform;javax.crypto.Cipher;insecure/condition/transformation
abixen-platform;javax.crypto.spec.IvParameterSpec;insecure/condition/randomization
abixen-platform;javax.crypto.Cipher;insecure/condition/key
abixen-platform;javax.crypto.Cipher;insecure/condition/IV
abixen-platform;javax.crypto.spec.SecretKeySpec;insecure/condition/randomization
aliyun-oss-java-sdk;java.security.MessageDigest;insecure/condition/transformation
aliyun-oss-java-sdk;javax.crypto.spec.SecretKeySpec;insecure/condition/randomization
and-res-guard;java.security.MessageDigest;insecure/condition/transformation
and-res-guard;java.security.MessageDigest;insecure/condition/transformation
app-engine;javax.crypto.Cipher;insecure/condition/transformation
app-engine;javax.crypto.Cipher;insecure/condition/transformation
app-engine;javax.crypto.spec.SecretKeySpec;insecure/condition/randomization
app-engine;java.security.MessageDigest;insecure/condition/transformation
aws-sdk-java-v2;javax.crypto.spec.SecretKeySpec;insecure/condition/randomization
biglybt-core;javax.crypto.spec.SecretKeySpec;insecure/condition/randomization
biglybt-core;javax.crypto.spec.SecretKeySpec;insecure/condition/randomization
biglybt-ui;java.security.MessageDigest;insecure/condition/transformation
biglybt-ui;java.security.MessageDigest;insecure/condition/transformation
biglybt-ui;java.security.MessageDigest;insecure/condition/transformation
bt;java.security.MessageDigest;insecure/condition/transformation
bt;java.security.MessageDigest;insecure/condition/transformation
bt;javax.crypto.spec.SecretKeySpec;insecure/condition/randomization
dbeaver-core;javax.crypto.Cipher;insecure/condition/transformation
dbeaver-import;javax.crypto.Cipher;insecure/condition/transformation
dbeaver-import;javax.crypto.Cipher;insecure/condition/key
dbeaver-import;javax.crypto.Cipher;insecure/condition/transformation
dbeaver-import;javax.crypto.Cipher;insecure/condition/key
dbeaver-import;java.security.MessageDigest;insecure/condition/transformation
dbeaver-import;javax.crypto.spec.SecretKeySpec;insecure/condition/randomization
dble;java.security.MessageDigest;insecure/condition/transformation
dubbo3;java.security.MessageDigest;insecure/condition/transformation
dubbo3;javax.crypto.Cipher;insecure/condition/transformation
everyone-java-blog;javax.crypto.SecretKeyFactory;insecure/condition/transformation
everyone-java-blog;javax.crypto.Cipher;insecure/condition/transformation
everyone-java-blog;javax.crypto.Cipher;insecure/condition/transformation
everyone-java-blog;java.security.MessageDigest;insecure/condition/transformation
fast-boot-weixin;javax.crypto.spec.IvParameterSpec;insecure/condition/randomization
fast-boot-weixin;javax.crypto.spec.IvParameterSpec;insecure/condition/randomization
fast-boot-weixin;javax.crypto.spec.SecretKeySpec;insecure/condition/randomization
fast-boot-weixin;javax.crypto.Cipher;insecure/condition/transformation
fast-boot-weixin;javax.crypto.Cipher;insecure/condition/transformation
fast-boot-weixin;java.security.MessageDigest;insecure/condition/transformation
game-server;javax.crypto.Cipher;insecure/condition/transformation
game-server;java.security.MessageDigest;insecure/condition/transformation
game-server;java.security.MessageDigest;insecure/condition/transformation
game-server;javax.crypto.spec.IvParameterSpec;insecure/condition/randomization
ha-bridge;javax.crypto.SecretKeyFactory;insecure/condition/transformation
ha-bridge;javax.crypto.spec.PBEParameterSpec;insecure/condition/iteration_count
ha-bridge;javax.crypto.spec.PBEParameterSpec;insecure/condition/randomization
ha-bridge;javax.crypto.spec.PBEKeySpec;missing/condition/iteration_count
ha-bridge;javax.crypto.SecretKeyFactory;insecure/condition/transformation
ha-bridge;javax.crypto.spec.PBEKeySpec;missing/condition/iteration_count
ha-bridge;javax.crypto.spec.PBEParameterSpec;insecure/condition/iteration_count
ha-bridge;javax.crypto.spec.PBEParameterSpec;insecure/condition/randomization
hsweb-framework;javax.crypto.spec.SecretKeySpec;insecure/condition/randomization
ijpay;java.security.MessageDigest;insecure/condition/transformation
ijpay;java.security.Signature;insecure/condition/key
ijpay;java.security.Signature;insecure/condition/transformation
ijpay;java.security.Signature;insecure/condition/key
ijpay;java.security.Signature;insecure/condition/transformation
ijpay;java.security.Signature;insecure/condition/key
ijpay;javax.crypto.Cipher;insecure/condition/key
ijpay;java.security.Signature;insecure/condition/key
instagram4j;javax.crypto.spec.SecretKeySpec;insecure/condition/randomization
j360-dubbo-app-all;javax.crypto.Cipher;insecure/condition/transformation
j360-dubbo-app-all;javax.crypto.spec.SecretKeySpec;insecure/condition/randomization
j360-dubbo-app-all;javax.crypto.Cipher;insecure/condition/transformation
j360-dubbo-app-all;javax.crypto.spec.IvParameterSpec;insecure/condition/randomization
j360-dubbo-app-all;javax.crypto.spec.SecretKeySpec;insecure/condition/randomization
java-telegram-bot-api;javax.crypto.Cipher;insecure/condition/transformation
jeesuite-libs;javax.crypto.spec.IvParameterSpec;insecure/condition/randomization
jeesuite-libs;javax.crypto.Cipher;insecure/condition/transformation
jeesuite-libs;javax.crypto.Cipher;insecure/condition/IV
jeesuite-libs;javax.crypto.spec.IvParameterSpec;insecure/condition/randomization
jeesuite-libs;javax.crypto.Cipher;insecure/condition/transformation
jeesuite-libs;javax.crypto.Cipher;insecure/condition/transformation
jeesuite-libs;javax.crypto.Cipher;insecure/condition/transformation
jeesuite-libs;java.security.MessageDigest;insecure/condition/transformation
jeesuite-libs;java.security.MessageDigest;insecure/condition/transformation
job-x;java.security.Signature;insecure/condition/transformation
job-x;javax.crypto.Cipher;insecure/condition/key
job-x;javax.crypto.Cipher;insecure/condition/transformation
job-x;javax.crypto.Cipher;insecure/condition/key
job-x;java.security.MessageDigest;insecure/condition/transformation
job-x;java.security.MessageDigest;insecure/condition/transformation
job-x;java.security.Signature;insecure/condition/transformation
job-x;javax.crypto.Cipher;insecure/condition/transformation
job-x;javax.crypto.Cipher;insecure/condition/key
job-x;javax.crypto.Cipher;insecure/condition/key
job-x;javax.crypto.spec.SecretKeySpec;insecure/condition/randomization
job-x;javax.crypto.Cipher;insecure/condition/transformation
job-x;javax.crypto.spec.SecretKeySpec;insecure/condition/randomization
job-x;javax.crypto.Cipher;insecure/condition/transformation
lucene-solr;java.security.Signature;insecure/condition/transformation
lucene-solr;java.security.MessageDigest;insecure/condition/transformation
lucene-solr;javax.crypto.Cipher;insecure/condition/transformation
lucene-solr;javax.crypto.Cipher;insecure/condition/transformation
mpush;java.security.Signature;insecure/condition/transformation
mpush;java.security.Signature;insecure/condition/transformation
mpush;java.security.MessageDigest;insecure/condition/transformation
mpush;java.security.MessageDigest;insecure/condition/transformation
mpush;java.security.MessageDigest;insecure/condition/transformation
mpush;java.security.MessageDigest;insecure/condition/transformation
mpush;javax.crypto.spec.SecretKeySpec;insecure/condition/randomization
my-blog;javax.crypto.spec.SecretKeySpec;insecure/condition/randomization
my-blog;javax.crypto.Cipher;insecure/condition/transformation
my-blog;javax.crypto.Cipher;insecure/condition/key
my-blog;javax.crypto.spec.SecretKeySpec;insecure/condition/randomization
my-blog;javax.crypto.Cipher;insecure/condition/transformation
my-blog;javax.crypto.Cipher;insecure/condition/key
my-blog;java.security.MessageDigest;insecure/condition/transformation
nettygameserver;javax.crypto.spec.PBEKeySpec;insecure/condition/iteration_count
nettygameserver;javax.crypto.Cipher;insecure/condition/transformation
nettygameserver;javax.crypto.Cipher;insecure/condition/transformation
nettygameserver;java.security.MessageDigest;insecure/condition/transformation
openzaly;javax.crypto.Cipher;insecure/condition/transformation
openzaly;javax.crypto.Cipher;insecure/condition/transformation
pig;javax.crypto.spec.SecretKeySpec;insecure/condition/randomization
pig;javax.crypto.Cipher;insecure/condition/transformation
pig;javax.crypto.spec.IvParameterSpec;insecure/condition/randomization
pig;javax.crypto.Cipher;insecure/condition/key
protools;javax.crypto.spec.PBEParameterSpec;insecure/condition/iteration_count
protools;javax.crypto.spec.PBEParameterSpec;insecure/condition/iteration_count
protools;javax.crypto.SecretKeyFactory;insecure/condition/transformation
protools;javax.crypto.Cipher;insecure/condition/transformation
protools;javax.crypto.Cipher;insecure/condition/transformation
protools;javax.crypto.SecretKeyFactory;insecure/condition/transformation
protools;javax.crypto.Cipher;insecure/condition/transformation
protools;javax.crypto.Cipher;insecure/condition/transformation
public-cms;javax.crypto.Cipher;insecure/condition/transformation
public-cms;javax.crypto.SecretKeyFactory;insecure/condition/transformation
public-cms;javax.crypto.Cipher;insecure/condition/key
public-cms;javax.crypto.SecretKeyFactory;insecure/condition/transformation
public-cms;javax.crypto.Cipher;insecure/condition/transformation
public-cms;javax.crypto.Cipher;insecure/condition/key
public-cms;java.security.Signature;insecure/condition/transformation
public-cms;java.security.Signature;insecure/condition/transformation
public-cms;java.security.MessageDigest;insecure/condition/transformation
saturn-console-api;java.security.MessageDigest;insecure/condition/transformation
saturn-console-core;java.security.MessageDigest;insecure/condition/transformation
smart;javax.crypto.spec.SecretKeySpec;insecure/condition/randomization
smart;javax.crypto.spec.IvParameterSpec;insecure/condition/randomization
smart;javax.crypto.Cipher;insecure/condition/IV
smart;javax.crypto.Cipher;insecure/condition/key
smart;javax.crypto.spec.IvParameterSpec;insecure/condition/randomization
smart;javax.crypto.spec.SecretKeySpec;insecure/condition/randomization
smart;javax.crypto.Cipher;insecure/condition/key
smart;java.security.MessageDigest;insecure/condition/transformation
spring-boot-quick;java.security.MessageDigest;insecure/condition/transformation
spring-boot-quick;javax.crypto.spec.SecretKeySpec;insecure/condition/randomization
spring-boot-student;javax.crypto.Cipher;insecure/condition/transformation
spring-boot-student;javax.crypto.Cipher;insecure/condition/transformation
spring-boot-student;javax.crypto.Cipher;insecure/condition/transformation
spring-boot-student;javax.crypto.Cipher;insecure/condition/transformation
spring-boot-student;java.security.MessageDigest;insecure/condition/transformation
spring-boot-student;java.security.MessageDigest;insecure/condition/transformation
symmetric-ds;javax.crypto.spec.PBEParameterSpec;insecure/condition/iteration_count
symmetric-ds;javax.crypto.spec.PBEParameterSpec;insecure/condition/randomization
symmetric-ds;javax.crypto.spec.PBEParameterSpec;insecure/condition/randomization
telegram-server;javax.crypto.Cipher;insecure/condition/transformation
telegram-server;java.security.MessageDigest;insecure/condition/transformation
telegram-server;java.security.MessageDigest;insecure/condition/transformation
telegram-server;java.security.MessageDigest;insecure/condition/transformation
telegram-server;java.security.MessageDigest;insecure/condition/transformation
telegram-server;java.security.MessageDigest;insecure/condition/transformation
telegram-server;javax.crypto.Cipher;insecure/condition/transformation
telegram-server;javax.crypto.Cipher;insecure/condition/transformation
telegram-server;java.security.MessageDigest;insecure/condition/transformation
tls-attacker;javax.crypto.spec.SecretKeySpec;insecure/condition/randomization
tls-attacker;javax.crypto.spec.SecretKeySpec;insecure/condition/randomization
tls-attacker;javax.crypto.spec.SecretKeySpec;insecure/condition/randomization
tls-attacker;javax.crypto.spec.SecretKeySpec;insecure/condition/randomization
tls-attacker;javax.crypto.spec.SecretKeySpec;insecure/condition/randomization
tls-attacker;javax.crypto.spec.SecretKeySpec;insecure/condition/randomization
tls-attacker;javax.crypto.spec.SecretKeySpec;insecure/condition/randomization
tls-attacker;javax.crypto.spec.SecretKeySpec;insecure/condition/randomization
tls-attacker;javax.crypto.spec.SecretKeySpec;insecure/condition/randomization
tls-attacker;javax.crypto.spec.SecretKeySpec;insecure/condition/randomization
vjtools;javax.crypto.Cipher;insecure/condition/transformation
vjtools;javax.crypto.KeyGenerator;insecure/condition/transformation
whatsmars;javax.crypto.Cipher;insecure/condition/transformation
whatsmars;javax.crypto.spec.SecretKeySpec;insecure/condition/randomization
whatsmars;javax.crypto.spec.SecretKeySpec;insecure/condition/randomization
whatsmars;javax.crypto.Cipher;insecure/condition/key
whatsmars;javax.crypto.KeyGenerator;insecure/condition/transformation
whatsmars;javax.crypto.Cipher;insecure/condition/key
whatsmars;javax.crypto.Cipher;insecure/condition/transformation
whatsmars;javax.crypto.Cipher;insecure/condition/key
whatsmars;javax.crypto.Cipher;insecure/condition/transformation
whatsmars;javax.crypto.spec.SecretKeySpec;insecure/condition/randomization
whatsmars;javax.crypto.Cipher;insecure/condition/key
whatsmars;javax.crypto.spec.SecretKeySpec;insecure/condition/randomization
whatsmars;javax.crypto.Cipher;insecure/condition/transformation
zheng;javax.crypto.Cipher;insecure/condition/transformation
zheng;javax.crypto.Cipher;insecure/condition/transformation
zheng;java.security.MessageDigest;insecure/condition/transformation
